,delta,theta,alpha,beta,gamma
Fp1,1.2183983751247496e-12,5.96157971504696e-13,6.023323801612995e-13,6.580829521332591e-13,2.399299338886803e-13
Fp2,1.1750958868473072e-12,5.675088929976944e-13,5.366184177154362e-13,4.2599903616971884e-13,1.1125519284190945e-13
F7,2.72826804308052e-12,1.3655572236426288e-12,1.3265073235461806e-12,7.925316192785991e-13,2.660953697906404e-13
F3,8.592091094612001e-13,4.5122088101366603e-13,3.861512238583457e-13,3.7945891852060835e-13,1.0582586584217322e-13
Fz,2.0951352072732953e-13,1.0513694511713366e-13,8.683704144745604e-14,8.579537287851423e-14,1.3301362171897214e-14
F4,6.559696482952299e-13,4.046037233103429e-13,3.7118342129913507e-13,3.236027156378956e-13,6.55190650119981e-14
F8,2.013810251073102e-12,1.02534616685487e-12,1.0844902967163593e-12,6.351666028350481e-13,1.5558573110949068e-13
FC5,1.8820114263024266e-12,1.051610189684285e-12,1.249980040365531e-12,1.3749598089778142e-12,8.454851350366765e-13
FC1,1.4864749048530053e-13,1.0626812163525285e-13,1.2256218887554177e-13,1.0239244430015248e-13,1.5264528403427454e-14
FC2,1.3727725187652394e-13,1.2126267612586065e-13,1.430873587596334e-13,1.1151518035206319e-13,1.3044435540742441e-14
FC6,1.3588331832717538e-12,8.460172687258605e-13,1.0274214613663432e-12,6.097357997863965e-13,1.1333811600969528e-13
C3,1.0257814986748788e-12,7.334300375170918e-13,1.4344253433084323e-12,9.433342914575166e-13,9.554833057625785e-14
Cz,2.632151547129362e-13,1.5194390930030847e-13,1.5194881283846936e-13,1.3831467124880299e-13,1.1018594565340901e-14
C4,1.0520735153979875e-12,8.629644389875219e-13,1.837835705417456e-12,1.0303828986341761e-12,5.435031246985023e-14
T8,2.578121809455342e-12,1.6098396091044708e-12,2.3227397517339605e-12,1.1951697604792397e-12,1.8654736596205787e-13
CP5,1.952460498875209e-12,1.4146701279616426e-12,3.446679598144103e-12,2.0412809909445373e-12,3.146608255492329e-13
CP1,1.0863389932581598e-12,7.755506347094784e-13,1.755671715669818e-12,9.238595620736147e-13,4.288359089518632e-14
CP2,1.0179841203193828e-12,7.003948438031653e-13,1.2813012184917869e-12,7.34555181244347e-13,3.672734301224138e-14
CP6,2.0543868288378255e-12,1.4449186917732137e-12,3.290310566635288e-12,1.4128122039714573e-12,8.135009733693531e-14
AFz,6.031083843867323e-13,3.140546583337119e-13,2.679814624306256e-13,2.2471508361605875e-13,3.5922862529730406e-14
P7,2.748295654144854e-12,1.9608622788341303e-12,5.19352672473259e-12,1.8965558650851815e-12,2.1100872521190025e-13
P3,1.9541568085776913e-12,1.420554211191915e-12,4.495492703089818e-12,1.893403239544397e-12,9.741543367624186e-14
Pz,1.8105000919510917e-12,1.137285332647689e-12,2.565286260671628e-12,9.834793359869976e-13,5.6491408812441466e-14
P4,2.1423993385020524e-12,1.3918246098919436e-12,3.559957466298829e-12,1.4084729084493133e-12,7.076802014469905e-14
P8,2.622775351236549e-12,1.7184061004406228e-12,4.6778949712430095e-12,1.502277856308508e-12,9.383929572186722e-14
PO9,3.4724959430469137e-12,2.35196341205919e-12,6.63099689764814e-12,1.9801816225279464e-12,1.162644148350902e-13
O1,3.1596287420398257e-12,1.980721804356799e-12,7.511693410426738e-12,1.8263745766298405e-12,1.0050306838128988e-13
Oz,3.186252092255487e-12,1.844283003603659e-12,5.468326059339534e-12,1.308040358618175e-12,1.0300551039034214e-13
O2,3.2850303398089066e-12,1.9732830547092947e-12,6.5079893293867694e-12,1.455003488115771e-12,1.1189951544794111e-13
PO10,3.300888761915579e-12,2.0629337332268024e-12,3.8762181712159476e-12,1.6280787944097155e-12,1.782214851579334e-13
AF7,1.7781345459407673e-12,8.66986858740898e-13,8.747250821242383e-13,6.429569812510642e-13,2.0523631915088774e-13
AF3,7.712220535061262e-13,3.8895994360844656e-13,3.441312123481603e-13,3.293032716166014e-13,8.554283421054429e-14
AF4,7.455915416815271e-13,4.167345020384559e-13,3.6261784771618376e-13,3.056239527612095e-13,6.758948000570987e-14
AF8,1.3379935792377176e-12,7.003629434863084e-13,7.255659727855737e-13,4.84171155909704e-13,1.1124762504490732e-13
F5,1.4381674630169326e-12,7.129341396964669e-13,6.640888359809852e-13,6.0255798326122e-13,2.1022179999361885e-13
F1,3.0645435094165527e-13,1.579337807441433e-13,1.3700701465405693e-13,1.3799936856930908e-13,2.6523457709977484e-14
F2,2.986676842227172e-13,1.7775108651686022e-13,1.4576419610932845e-13,1.323870486787362e-13,2.0368812149888092e-14
F6,1.1167044726238357e-12,6.382298725520823e-13,6.490431512509311e-13,5.845371132525109e-13,1.6664008465773015e-13
FT7,2.9473677039040543e-12,1.6922187211809068e-12,1.827778603406958e-12,1.0954753508715204e-12,3.9503252264986606e-13
FC3,8.071304532491699e-13,4.748878521106566e-13,5.088596768602756e-13,4.174096940332875e-13,1.0263763046528536e-13
FC4,6.232717367902236e-13,4.717163440427132e-13,6.096148565593337e-13,4.062390952140539e-13,5.100605064565592e-14
FT8,2.3452704292030388e-12,1.338820008733234e-12,1.5417784589601889e-12,8.476699286407112e-13,1.5892470276861916e-13
C5,1.8391760719699154e-12,1.1791098966168385e-12,1.923619548012073e-12,1.3250358002880664e-12,3.2969675778473805e-13
C1,3.7193585414243014e-13,2.821538718223064e-13,4.892154091714799e-13,3.1836920100810424e-13,2.001625830463607e-14
C2,4.0932259195099586e-13,3.1263909233806767e-13,5.366772183617352e-13,3.4891756004195395e-13,1.952063020462762e-14
C6,1.70100962848766e-12,1.1585526613540225e-12,1.996751441140816e-12,1.009744623263125e-12,9.556490342189862e-14
CP3,1.4737340174928102e-12,1.1237978484533206e-12,2.9753658369971114e-12,1.700840894913013e-12,9.714811639401882e-14
CPz,1.0833359016552086e-12,7.036136040868099e-13,9.635689521556546e-13,5.906715505470028e-13,3.828732217480966e-14
CP4,1.584381163787861e-12,1.1788595942178028e-12,2.8822248278506948e-12,1.4580916800354778e-12,6.087814656690977e-14
TP8,2.541070437343588e-12,1.5997130797094702e-12,2.4066003639466505e-12,1.1801804809166028e-12,1.6351686153319944e-13
P5,2.0267127204250243e-12,1.4681413220660354e-12,4.6716958020985184e-12,1.9159535439260416e-12,1.1297701463240676e-13
P1,1.7753951706276624e-12,1.2313594161076374e-12,3.481322820603358e-12,1.458330777965616e-12,6.718051379869001e-14
P2,1.784936188706091e-12,1.126884333807038e-12,2.467017544605985e-12,1.0563161473779975e-12,5.60743513137686e-14
P6,2.6166467764825806e-12,1.710226030012487e-12,4.6804017850539784e-12,1.5057354345686557e-12,9.257546376860494e-14
PO7,3.0987527157169953e-12,2.163848819309692e-12,8.537664947838958e-12,2.1495467282742333e-12,1.161230807060719e-13
PO3,2.6195611756598507e-12,1.6973300294243458e-12,6.2026778383995665e-12,1.7627853744203802e-12,8.787392734258655e-14
POz,2.8554417570562666e-12,1.6515328375555192e-12,5.540519697758218e-12,1.2899443206920936e-12,8.553666703027086e-14
PO4,2.816151496861751e-12,1.6488917944208405e-12,5.191143068083765e-12,1.2918496030839369e-12,8.46296623860057e-14
PO8,3.4141205333230076e-12,2.200556878684004e-12,8.404487364892903e-12,1.92274318409275e-12,1.2534495407055966e-13
